ProductionVolume,ProductionCost,SupplierQuality,DeliveryDelay,DefectRate,QualityScore,MaintenanceHours,DowntimePercentage,InventoryTurnover,StockoutRate,WorkerProductivity,SafetyIncidents,EnergyConsumption,EnergyEfficiency,AdditiveProcessTime,AdditiveMaterialCost,DefectStatus
574,5078.444203143691,82.52230644750821,5,0.7096097393894372,91.92731958299372,14,1.9229189643010907,5.436329403161673,0.06210362,99.71906951085741,0,1249.1437947323911,0.23315978271920096,1.3859923229644615,121.86123316728339,1
158,16414.861400421407,91.63443054946953,2,3.6730091598754773,65.08816477351124,9,2.0184408872833193,9.928385382,0.044758249295404444,94.89870895491596,2,3722.458077856509,0.3349943411457851,5.562279636091488,144.57555955020848,1
610,5529.670324103586,95.32694426209305,0,4.326344314573063,75.83764383255897,7,3.042016138110251,6.592976750192175,0.048186065,97.35846601660668,0,2155.7548695958803,0.19874809861245604,1.4591099125758693,340.8367890182491,1
